threshold_home,threshold_draw,threshold_away,roi,profit,bets,wins,win_rate,total_staked,total_return
0.7,0.39999999999999997,0.5499999999999999,0.18990216631726065,27175.0,1431,1019,0.7120894479385046,143100,170275.0
0.7,0.39999999999999997,0.39999999999999997,0.18977568416330193,42301.0,2229,1384,0.6209062359802602,222900,265201.0
0.7,0.44999999999999996,0.5499999999999999,0.18972535211267605,26941.0,1420,1015,0.7147887323943662,142000,168941.0
0.7,0.49999999999999994,0.5499999999999999,0.18972535211267605,26941.0,1420,1015,0.7147887323943662,142000,168941.0
0.7,0.49999999999999994,0.39999999999999997,0.18966185752930567,42067.0,2218,1380,0.6221821460775473,221800,263867.0
0.7,0.44999999999999996,0.39999999999999997,0.18966185752930567,42067.0,2218,1380,0.6221821460775473,221800,263867.0
0.7,0.39999999999999997,0.35,0.1881772575250836,45012.0,2392,1455,0.6082775919732442,239200,284212.0
0.7,0.49999999999999994,0.35,0.18806383872322555,44778.0,2381,1451,0.6094078118437631,238100,282878.0
0.7,0.44999999999999996,0.35,0.18806383872322555,44778.0,2381,1451,0.6094078118437631,238100,282878.0
0.7,0.5999999999999999,0.39999999999999997,0.18683401175938488,41309.0,2211,1376,0.6223428312980552,221100,262409.0
0.7,0.5499999999999999,0.39999999999999997,0.18683401175938488,41309.0,2211,1376,0.6223428312980552,221100,262409.0
0.7,0.6499999999999999,0.39999999999999997,0.18599095022624434,41104.0,2210,1375,0.6221719457013575,221000,262104.0
0.7,0.7,0.39999999999999997,0.18599095022624434,41104.0,2210,1375,0.6221719457013575,221000,262104.0
0.7,0.5499999999999999,0.35,0.18542544229149116,44020.0,2374,1447,0.6095197978096041,237400,281420.0
0.7,0.5999999999999999,0.35,0.18542544229149116,44020.0,2374,1447,0.6095197978096041,237400,281420.0
0.7,0.5499999999999999,0.5499999999999999,0.18530077848549187,26183.0,1413,1011,0.7154989384288747,141300,167483.0
0.7,0.5999999999999999,0.5499999999999999,0.18530077848549187,26183.0,1413,1011,0.7154989384288747,141300,167483.0
0.7,0.7,0.35,0.18463969658659923,43815.0,2373,1446,0.6093552465233881,237300,281115.0
0.7,0.6499999999999999,0.35,0.18463969658659923,43815.0,2373,1446,0.6093552465233881,237300,281115.0
0.7,0.6499999999999999,0.5499999999999999,0.18398016997167138,25978.0,1412,1010,0.7152974504249292,141200,167178.0
0.7,0.7,0.5499999999999999,0.18398016997167138,25978.0,1412,1010,0.7152974504249292,141200,167178.0
0.7,0.39999999999999997,0.49999999999999994,0.1820121212121212,30032.0,1650,1126,0.6824242424242424,165000,195032.0
0.7,0.44999999999999996,0.49999999999999994,0.18180597925564368,29798.0,1639,1122,0.6845637583892618,163900,193698.0
0.7,0.49999999999999994,0.49999999999999994,0.18180597925564368,29798.0,1639,1122,0.6845637583892618,163900,193698.0
0.6499999999999999,0.39999999999999997,0.39999999999999997,0.1816902457185406,48802.0,2686,1716,0.6388682055100521,268600,317402.0
0.6499999999999999,0.49999999999999994,0.39999999999999997,0.1815626168224299,48568.0,2675,1712,0.64,267500,316068.0
0.6499999999999999,0.44999999999999996,0.39999999999999997,0.1815626168224299,48568.0,2675,1712,0.64,267500,316068.0
0.6499999999999999,0.39999999999999997,0.35,0.18081081081081082,51513.0,2849,1787,0.6272376272376272,284900,336413.0
0.6499999999999999,0.44999999999999996,0.35,0.18068710359408033,51279.0,2838,1783,0.6282593375616632,283800,335079.0
0.6499999999999999,0.49999999999999994,0.35,0.18068710359408033,51279.0,2838,1783,0.6282593375616632,283800,335079.0
0.6499999999999999,0.5499999999999999,0.39999999999999997,0.17919790104947525,47810.0,2668,1708,0.6401799100449775,266800,314610.0
0.6499999999999999,0.5999999999999999,0.39999999999999997,0.17919790104947525,47810.0,2668,1708,0.6401799100449775,266800,314610.0
0.6499999999999999,0.6499999999999999,0.39999999999999997,0.17849643794525685,47605.0,2667,1707,0.6400449943757031,266700,314305.0
0.6499999999999999,0.7,0.39999999999999997,0.17849643794525685,47605.0,2667,1707,0.6400449943757031,266700,314305.0
0.6499999999999999,0.5999999999999999,0.35,0.17845637583892618,50521.0,2831,1779,0.6283998587071706,283100,333621.0
0.6499999999999999,0.5499999999999999,0.35,0.17845637583892618,50521.0,2831,1779,0.6283998587071706,283100,333621.0
0.6499999999999999,0.39999999999999997,0.5499999999999999,0.17836864406779662,33676.0,1888,1351,0.715572033898305,188800,222476.0
0.6499999999999999,0.44999999999999996,0.5499999999999999,0.1781672882258924,33442.0,1877,1347,0.7176345231752796,187700,221142.0
0.6499999999999999,0.49999999999999994,0.5499999999999999,0.1781672882258924,33442.0,1877,1347,0.7176345231752796,187700,221142.0
0.7,0.5499999999999999,0.49999999999999994,0.17794117647058824,29040.0,1632,1118,0.6850490196078431,163200,192240.0
0.7,0.5999999999999999,0.49999999999999994,0.17794117647058824,29040.0,1632,1118,0.6850490196078431,163200,192240.0
0.6499999999999999,0.7,0.35,0.17779505300353357,50316.0,2830,1778,0.6282685512367491,283000,333316.0
0.6499999999999999,0.6499999999999999,0.35,0.17779505300353357,50316.0,2830,1778,0.6282685512367491,283000,333316.0
0.7,0.7,0.49999999999999994,0.17679337829552422,28835.0,1631,1117,0.6848559166155732,163100,191935.0
0.7,0.6499999999999999,0.49999999999999994,0.17679337829552422,28835.0,1631,1117,0.6848559166155732,163100,191935.0
0.6499999999999999,0.5999999999999999,0.5499999999999999,0.17478074866310161,32684.0,1870,1343,0.7181818181818181,187000,219684.0
0.6499999999999999,0.5499999999999999,0.5499999999999999,0.17478074866310161,32684.0,1870,1343,0.7181818181818181,187000,219684.0
0.6499999999999999,0.6499999999999999,0.5499999999999999,0.17377742108079186,32479.0,1869,1342,0.7180310326377742,186900,219379.0
0.6499999999999999,0.7,0.5499999999999999,0.17377742108079186,32479.0,1869,1342,0.7180310326377742,186900,219379.0
0.6499999999999999,0.39999999999999997,0.49999999999999994,0.17338870431893688,36533.0,2107,1458,0.6919791172282866,210700,247233.0
0.6499999999999999,0.49999999999999994,0.49999999999999994,0.17318225190839695,36299.0,2096,1454,0.6937022900763359,209600,245899.0
0.6499999999999999,0.44999999999999996,0.49999999999999994,0.17318225190839695,36299.0,2096,1454,0.6937022900763359,209600,245899.0
0.6499999999999999,0.5499999999999999,0.49999999999999994,0.1701340354236477,35541.0,2089,1450,0.6941120153183341,208900,244441.0
0.6499999999999999,0.5999999999999999,0.49999999999999994,0.1701340354236477,35541.0,2089,1450,0.6941120153183341,208900,244441.0
0.6499999999999999,0.7,0.49999999999999994,0.16923371647509577,35336.0,2088,1449,0.6939655172413793,208800,244136.0
0.6499999999999999,0.6499999999999999,0.49999999999999994,0.16923371647509577,35336.0,2088,1449,0.6939655172413793,208800,244136.0
0.7,0.39999999999999997,0.44999999999999996,0.1690217998882057,30238.0,1789,1187,0.6634991615427613,178900,209138.0
0.7,0.49999999999999994,0.44999999999999996,0.16875140607424072,30004.0,1778,1183,0.6653543307086615,177800,207804.0
0.7,0.44999999999999996,0.44999999999999996,0.16875140607424072,30004.0,1778,1183,0.6653543307086615,177800,207804.0
0.5499999999999999,0.39999999999999997,0.39999999999999997,0.16673289183222958,60424.0,3624,2274,0.6274834437086093,362400,422824.0
0.5499999999999999,0.39999999999999997,0.35,0.16671507789807236,63135.0,3787,2345,0.6192236598890942,378700,441835.0
0.5499999999999999,0.49999999999999994,0.39999999999999997,0.166592859119845,60190.0,3613,2270,0.6282867423194022,361300,421490.0
0.5499999999999999,0.44999999999999996,0.39999999999999997,0.166592859119845,60190.0,3613,2270,0.6282867423194022,361300,421490.0
0.5499999999999999,0.44999999999999996,0.35,0.16658103813559322,62901.0,3776,2341,0.619968220338983,377600,440501.0
0.5499999999999999,0.49999999999999994,0.35,0.16658103813559322,62901.0,3776,2341,0.619968220338983,377600,440501.0
0.7,0.5499999999999999,0.44999999999999996,0.16513833992094862,29246.0,1771,1179,0.665725578769057,177100,206346.0
0.7,0.5999999999999999,0.44999999999999996,0.16513833992094862,29246.0,1771,1179,0.665725578769057,177100,206346.0
0.5499999999999999,0.5499999999999999,0.35,0.16487927832316265,62143.0,3769,2337,0.6200583709206686,376900,439043.0
0.5499999999999999,0.5999999999999999,0.35,0.16487927832316265,62143.0,3769,2337,0.6200583709206686,376900,439043.0
0.5499999999999999,0.5499999999999999,0.39999999999999997,0.16481419855795895,59432.0,3606,2266,0.6283971159179146,360600,420032.0
0.5499999999999999,0.5999999999999999,0.39999999999999997,0.16481419855795895,59432.0,3606,2266,0.6283971159179146,360600,420032.0
0.5499999999999999,0.6499999999999999,0.35,0.16437898089171973,61938.0,3768,2336,0.6199575371549894,376800,438738.0
0.5499999999999999,0.7,0.35,0.16437898089171973,61938.0,3768,2336,0.6199575371549894,376800,438738.0
0.5499999999999999,0.6499999999999999,0.39999999999999997,0.16429126213592232,59227.0,3605,2265,0.6282940360610264,360500,419727.0
0.5499999999999999,0.7,0.39999999999999997,0.16429126213592232,59227.0,3605,2265,0.6282940360610264,360500,419727.0
0.7,0.6499999999999999,0.44999999999999996,0.16407344632768361,29041.0,1770,1178,0.6655367231638418,177000,206041.0
0.7,0.7,0.44999999999999996,0.16407344632768361,29041.0,1770,1178,0.6655367231638418,177000,206041.0
0.5999999999999999,0.39999999999999997,0.35,0.16399878085949407,53808.0,3281,2044,0.6229807985370314,328100,381908.0
0.5999999999999999,0.39999999999999997,0.39999999999999997,0.1638774855676716,51097.0,3118,1973,0.6327774214239897,311800,362897.0
0.5999999999999999,0.44999999999999996,0.35,0.1638348623853211,53574.0,3270,2040,0.6238532110091743,327000,380574.0
0.5999999999999999,0.49999999999999994,0.35,0.1638348623853211,53574.0,3270,2040,0.6238532110091743,327000,380574.0
0.5999999999999999,0.44999999999999996,0.39999999999999997,0.16370453813968458,50863.0,3107,1969,0.6337302864499518,310700,361563.0
0.5999999999999999,0.49999999999999994,0.39999999999999997,0.16370453813968458,50863.0,3107,1969,0.6337302864499518,310700,361563.0
0.6499999999999999,0.39999999999999997,0.44999999999999996,0.16357524487978628,36739.0,2246,1519,0.6763134461264471,224600,261339.0
0.6499999999999999,0.44999999999999996,0.44999999999999996,0.16333333333333333,36505.0,2235,1515,0.6778523489932886,223500,260005.0
0.6499999999999999,0.49999999999999994,0.44999999999999996,0.16333333333333333,36505.0,2235,1515,0.6778523489932886,223500,260005.0
0.5999999999999999,0.5999999999999999,0.35,0.16186331596690162,52816.0,3263,2036,0.6239656757585045,326300,379116.0
0.5999999999999999,0.5499999999999999,0.35,0.16186331596690162,52816.0,3263,2036,0.6239656757585045,326300,379116.0
0.5999999999999999,0.5499999999999999,0.39999999999999997,0.16162903225806452,50105.0,3100,1965,0.6338709677419355,310000,360105.0
0.5999999999999999,0.5999999999999999,0.39999999999999997,0.16162903225806452,50105.0,3100,1965,0.6338709677419355,310000,360105.0
0.5999999999999999,0.6499999999999999,0.35,0.1612844880441447,52611.0,3262,2035,0.6238503985285101,326200,378811.0
0.5999999999999999,0.7,0.35,0.1612844880441447,52611.0,3262,2035,0.6238503985285101,326200,378811.0
0.5999999999999999,0.6499999999999999,0.39999999999999997,0.16101968376895773,49900.0,3099,1964,0.6337528234914489,309900,359800.0
0.5999999999999999,0.7,0.39999999999999997,0.16101968376895773,49900.0,3099,1964,0.6337528234914489,309900,359800.0
0.7,0.35,0.35,0.16096272167933406,44474.0,2763,1567,0.567137169743033,276300,320774.0
0.6499999999999999,0.5999999999999999,0.44999999999999996,0.1604443447037702,35747.0,2228,1511,0.6781867145421903,222800,258547.0
0.6499999999999999,0.5499999999999999,0.44999999999999996,0.1604443447037702,35747.0,2228,1511,0.6781867145421903,222800,258547.0
0.5499999999999999,0.39999999999999997,0.5499999999999999,0.16029016277423921,45298.0,2826,1909,0.6755130927105449,282600,327898.0
0.5499999999999999,0.44999999999999996,0.5499999999999999,0.16008525754884548,45064.0,2815,1905,0.6767317939609236,281500,326564.0
0.5499999999999999,0.49999999999999994,0.5499999999999999,0.16008525754884548,45064.0,2815,1905,0.6767317939609236,281500,326564.0
0.6499999999999999,0.7,0.44999999999999996,0.1595958688819039,35542.0,2227,1510,0.6780422092501123,222700,258242.0
0.6499999999999999,0.6499999999999999,0.44999999999999996,0.1595958688819039,35542.0,2227,1510,0.6780422092501123,222700,258242.0
0.6499999999999999,0.35,0.35,0.15830745341614907,50975.0,3220,1899,0.5897515527950311,322000,372975.0
0.5499999999999999,0.39999999999999997,0.49999999999999994,0.15814449917898193,48155.0,3045,2016,0.6620689655172414,304500,352655.0
0.5499999999999999,0.49999999999999994,0.49999999999999994,0.1579466051417271,47921.0,3034,2012,0.6631509558338826,303400,351321.0
0.5499999999999999,0.44999999999999996,0.49999999999999994,0.1579466051417271,47921.0,3034,2012,0.6631509558338826,303400,351321.0
0.5499999999999999,0.5999999999999999,0.5499999999999999,0.15778490028490028,44306.0,2808,1901,0.676994301994302,280800,325106.0
0.5499999999999999,0.5499999999999999,0.5499999999999999,0.15778490028490028,44306.0,2808,1901,0.676994301994302,280800,325106.0
0.7,0.35,0.39999999999999997,0.15776170536733916,41444.0,2627,1503,0.5721355157974877,262700,304144.0
0.5499999999999999,0.7,0.5499999999999999,0.15711079444246526,44101.0,2807,1900,0.6768792304951906,280700,324801.0
0.5499999999999999,0.6499999999999999,0.5499999999999999,0.15711079444246526,44101.0,2807,1900,0.6768792304951906,280700,324801.0
0.5499999999999999,0.5499999999999999,0.49999999999999994,0.15580773042616453,47163.0,3027,2008,0.6633630657416584,302700,349863.0
0.5499999999999999,0.5999999999999999,0.49999999999999994,0.15580773042616453,47163.0,3027,2008,0.6633630657416584,302700,349863.0
0.6499999999999999,0.35,0.39999999999999997,0.15546368352788587,47945.0,3084,1835,0.5950064850843061,308400,356345.0
0.5499999999999999,0.7,0.49999999999999994,0.15518175809649704,46958.0,3026,2007,0.663251817580965,302600,349558.0
0.5499999999999999,0.6499999999999999,0.49999999999999994,0.15518175809649704,46958.0,3026,2007,0.663251817580965,302600,349558.0
0.5999999999999999,0.39999999999999997,0.5499999999999999,0.15504741379310344,35971.0,2320,1608,0.6931034482758621,232000,267971.0
0.5999999999999999,0.44999999999999996,0.5499999999999999,0.15477262884365525,35737.0,2309,1604,0.6946730186227804,230900,266637.0
0.5999999999999999,0.49999999999999994,0.5499999999999999,0.15477262884365525,35737.0,2309,1604,0.6946730186227804,230900,266637.0
0.5999999999999999,0.39999999999999997,0.49999999999999994,0.152926348956282,38828.0,2539,1715,0.6754627806222923,253900,292728.0
0.5999999999999999,0.44999999999999996,0.49999999999999994,0.15266613924050632,38594.0,2528,1711,0.6768196202531646,252800,291394.0
0.5999999999999999,0.49999999999999994,0.49999999999999994,0.15266613924050632,38594.0,2528,1711,0.6768196202531646,252800,291394.0
0.5999999999999999,0.5999999999999999,0.5499999999999999,0.15195047784535187,34979.0,2302,1600,0.6950477845351868,230200,265179.0
0.5999999999999999,0.5499999999999999,0.5499999999999999,0.15195047784535187,34979.0,2302,1600,0.6950477845351868,230200,265179.0
0.5499999999999999,0.39999999999999997,0.44999999999999996,0.15188756281407034,48361.0,3184,2077,0.652324120603015,318400,366761.0
0.5499999999999999,0.49999999999999994,0.44999999999999996,0.15167664670658682,48127.0,3173,2073,0.65332492908919,317300,365427.0
0.5499999999999999,0.44999999999999996,0.44999999999999996,0.15167664670658682,48127.0,3173,2073,0.65332492908919,317300,365427.0
0.5999999999999999,0.7,0.5499999999999999,0.15112559756627553,34774.0,2301,1599,0.6949152542372882,230100,264874.0
0.5999999999999999,0.6499999999999999,0.5499999999999999,0.15112559756627553,34774.0,2301,1599,0.6949152542372882,230100,264874.0
0.49999999999999994,0.39999999999999997,0.35,0.15091428571428572,66025.0,4375,2647,0.6050285714285715,437500,503525.0
0.49999999999999994,0.44999999999999996,0.35,0.15075847846012833,65791.0,4364,2643,0.6056370302474794,436400,502191.0
0.49999999999999994,0.49999999999999994,0.35,0.15075847846012833,65791.0,4364,2643,0.6056370302474794,436400,502191.0
0.5499999999999999,0.35,0.35,0.15054593554593554,62597.0,4158,2457,0.5909090909090909,415800,478397.0
0.49999999999999994,0.39999999999999997,0.39999999999999997,0.15031813865147198,63314.0,4212,2576,0.6115859449192782,421200,484514.0
0.49999999999999994,0.49999999999999994,0.39999999999999997,0.1501547250654606,63080.0,4201,2572,0.6122351820995001,420100,483180.0
0.49999999999999994,0.44999999999999996,0.39999999999999997,0.1501547250654606,63080.0,4201,2572,0.6122351820995001,420100,483180.0
0.5999999999999999,0.5499999999999999,0.49999999999999994,0.1500833002776676,37836.0,2521,1707,0.6771122570408568,252100,289936.0
0.5999999999999999,0.5999999999999999,0.49999999999999994,0.1500833002776676,37836.0,2521,1707,0.6771122570408568,252100,289936.0
0.5499999999999999,0.5999999999999999,0.44999999999999996,0.14961781427668983,47369.0,3166,2069,0.6535060012634238,316600,363969.0
0.5499999999999999,0.5499999999999999,0.44999999999999996,0.14961781427668983,47369.0,3166,2069,0.6535060012634238,316600,363969.0
0.5999999999999999,0.6499999999999999,0.49999999999999994,0.1493293650793651,37631.0,2520,1706,0.676984126984127,252000,289631.0
0.5999999999999999,0.7,0.49999999999999994,0.1493293650793651,37631.0,2520,1706,0.676984126984127,252000,289631.0
0.49999999999999994,0.5499999999999999,0.35,0.14926095937571723,65033.0,4357,2639,0.6056919899013082,435700,500733.0
0.49999999999999994,0.5999999999999999,0.35,0.14926095937571723,65033.0,4357,2639,0.6056919899013082,435700,500733.0
0.5499999999999999,0.7,0.44999999999999996,0.1490173775671406,47164.0,3165,2068,0.6533965244865719,316500,363664.0
0.5499999999999999,0.6499999999999999,0.44999999999999996,0.1490173775671406,47164.0,3165,2068,0.6533965244865719,316500,363664.0
0.49999999999999994,0.7,0.35,0.14882460973370065,64828.0,4356,2638,0.6056014692378329,435600,500428.0
0.49999999999999994,0.6499999999999999,0.35,0.14882460973370065,64828.0,4356,2638,0.6056014692378329,435600,500428.0
0.49999999999999994,0.5499999999999999,0.39999999999999997,0.14859799713876967,62322.0,4194,2568,0.6123032904148784,419400,481722.0
0.49999999999999994,0.5999999999999999,0.39999999999999997,0.14859799713876967,62322.0,4194,2568,0.6123032904148784,419400,481722.0
0.49999999999999994,0.6499999999999999,0.39999999999999997,0.14814452659193894,62117.0,4193,2567,0.6122108275697591,419300,481417.0
0.49999999999999994,0.7,0.39999999999999997,0.14814452659193894,62117.0,4193,2567,0.6122108275697591,419300,481417.0
0.5499999999999999,0.35,0.39999999999999997,0.14810293386374937,59567.0,4022,2393,0.594977623073098,402200,461767.0
0.5999999999999999,0.35,0.35,0.14586527929901424,53270.0,3652,2156,0.5903614457831325,365200,418470.0
0.5999999999999999,0.39999999999999997,0.44999999999999996,0.14575802837938762,39034.0,2678,1776,0.6631814787154593,267800,306834.0
0.5999999999999999,0.49999999999999994,0.44999999999999996,0.14548181477315336,38800.0,2667,1772,0.6644169478815148,266700,305500.0
0.5999999999999999,0.44999999999999996,0.44999999999999996,0.14548181477315336,38800.0,2667,1772,0.6644169478815148,266700,305500.0
0.5999999999999999,0.5999999999999999,0.44999999999999996,0.14301503759398496,38042.0,2660,1768,0.6646616541353384,266000,304042.0
0.5999999999999999,0.5499999999999999,0.44999999999999996,0.14301503759398496,38042.0,2660,1768,0.6646616541353384,266000,304042.0
0.7,0.35,0.5499999999999999,0.1429443544030254,26459.0,1851,1145,0.6185845488924906,185100,211559.0
0.5999999999999999,0.35,0.39999999999999997,0.14288964732650739,50240.0,3516,2092,0.5949943117178612,351600,401840.0
0.6499999999999999,0.35,0.5499999999999999,0.14280762564991334,32960.0,2308,1477,0.639948006932409,230800,263760.0
0.5999999999999999,0.6499999999999999,0.44999999999999996,0.1422978563369688,37837.0,2659,1767,0.6645355396765701,265900,303737.0
0.5999999999999999,0.7,0.44999999999999996,0.1422978563369688,37837.0,2659,1767,0.6645355396765701,265900,303737.0
0.6499999999999999,0.35,0.49999999999999994,0.14173723783142067,35817.0,2527,1584,0.6268302334784329,252700,288517.0
0.7,0.35,0.49999999999999994,0.1416231884057971,29316.0,2070,1252,0.6048309178743961,207000,236316.0
0.49999999999999994,0.39999999999999997,0.5499999999999999,0.14114821323960164,48188.0,3414,2211,0.6476274165202109,341400,389588.0
0.49999999999999994,0.49999999999999994,0.5499999999999999,0.14091683808404348,47954.0,3403,2207,0.6485454011166618,340300,388254.0
0.49999999999999994,0.44999999999999996,0.5499999999999999,0.14091683808404348,47954.0,3403,2207,0.6485454011166618,340300,388254.0
0.6499999999999999,0.39999999999999997,0.5999999999999999,0.1406715425531915,21157.0,1504,1118,0.7433510638297872,150400,171557.0
0.49999999999999994,0.39999999999999997,0.49999999999999994,0.14050371593724195,51045.0,3633,2318,0.6380401871731352,363300,414345.0
0.49999999999999994,0.49999999999999994,0.49999999999999994,0.14028437327443402,50811.0,3622,2314,0.6388735505245721,362200,413011.0
0.49999999999999994,0.44999999999999996,0.49999999999999994,0.14028437327443402,50811.0,3622,2314,0.6388735505245721,362200,413011.0
0.6499999999999999,0.49999999999999994,0.5999999999999999,0.14014065639651707,20923.0,1493,1114,0.7461486939048895,149300,170223.0
0.6499999999999999,0.44999999999999996,0.5999999999999999,0.14014065639651707,20923.0,1493,1114,0.7461486939048895,149300,170223.0
0.7,0.39999999999999997,0.5999999999999999,0.13998089780324738,14656.0,1047,786,0.7507163323782235,104700,119356.0
0.7,0.49999999999999994,0.5999999999999999,0.1392084942084942,14422.0,1036,782,0.7548262548262549,103600,118022.0
0.7,0.44999999999999996,0.5999999999999999,0.1392084942084942,14422.0,1036,782,0.7548262548262549,103600,118022.0
0.49999999999999994,0.5499999999999999,0.5499999999999999,0.13897526501766785,47196.0,3396,2203,0.6487043580683156,339600,386796.0
0.49999999999999994,0.5999999999999999,0.5499999999999999,0.13897526501766785,47196.0,3396,2203,0.6487043580683156,339600,386796.0
0.49999999999999994,0.35,0.35,0.13894770408163265,65361.0,4704,2746,0.5837585034013606,470400,535761.0
0.49999999999999994,0.5499999999999999,0.49999999999999994,0.1384591977869986,50053.0,3615,2310,0.6390041493775933,361500,411553.0
0.49999999999999994,0.5999999999999999,0.49999999999999994,0.1384591977869986,50053.0,3615,2310,0.6390041493775933,361500,411553.0
0.49999999999999994,0.7,0.5499999999999999,0.1384123711340206,46991.0,3395,2202,0.6486008836524301,339500,386491.0
0.49999999999999994,0.6499999999999999,0.5499999999999999,0.1384123711340206,46991.0,3395,2202,0.6486008836524301,339500,386491.0
0.49999999999999994,0.6499999999999999,0.49999999999999994,0.13793027116768125,49848.0,3614,2309,0.6389042612064195,361400,411248.0
0.49999999999999994,0.7,0.49999999999999994,0.13793027116768125,49848.0,3614,2309,0.6389042612064195,361400,411248.0
0.5499999999999999,0.35,0.5499999999999999,0.13734442390634627,44582.0,3246,2035,0.6269254467036353,324600,369182.0
0.5499999999999999,0.35,0.49999999999999994,0.1369090909090909,47439.0,3465,2142,0.6181818181818182,346500,393939.0
0.49999999999999994,0.35,0.39999999999999997,0.1364514010507881,62331.0,4568,2682,0.5871278458844134,456800,519131.0
0.6499999999999999,0.35,0.44999999999999996,0.13597222222222222,36223.0,2664,1645,0.6174924924924925,266400,302623.0
0.49999999999999994,0.39999999999999997,0.44999999999999996,0.13587221633085897,51251.0,3772,2379,0.6306998939554613,377200,428451.0
0.6499999999999999,0.5999999999999999,0.5999999999999999,0.13569986541049797,20165.0,1486,1110,0.746971736204576,148600,168765.0
0.6499999999999999,0.5499999999999999,0.5999999999999999,0.13569986541049797,20165.0,1486,1110,0.746971736204576,148600,168765.0
0.49999999999999994,0.44999999999999996,0.44999999999999996,0.13564743419303377,51017.0,3761,2375,0.631480989098644,376100,427117.0
0.49999999999999994,0.49999999999999994,0.44999999999999996,0.13564743419303377,51017.0,3761,2375,0.631480989098644,376100,427117.0
0.6499999999999999,0.39999999999999997,0.6499999999999999,0.13545868081880214,17867.0,1319,1003,0.7604245640636846,131900,149767.0
0.6499999999999999,0.44999999999999996,0.6499999999999999,0.13480886850152904,17633.0,1308,999,0.7637614678899083,130800,148433.0
0.6499999999999999,0.49999999999999994,0.6499999999999999,0.13480886850152904,17633.0,1308,999,0.7637614678899083,130800,148433.0
0.7,0.35,0.44999999999999996,0.1346714997734481,29722.0,2207,1313,0.5949252378794744,220700,250422.0
0.6499999999999999,0.7,0.5999999999999999,0.1344107744107744,19960.0,1485,1109,0.7468013468013468,148500,168460.0
0.6499999999999999,0.6499999999999999,0.5999999999999999,0.1344107744107744,19960.0,1485,1109,0.7468013468013468,148500,168460.0
0.5499999999999999,0.39999999999999997,0.5999999999999999,0.13423013923013924,32779.0,2442,1676,0.6863226863226863,244200,276979.0
0.49999999999999994,0.5999999999999999,0.44999999999999996,0.13388119339371338,50259.0,3754,2371,0.6315929675013319,375400,425659.0
0.49999999999999994,0.5499999999999999,0.44999999999999996,0.13388119339371338,50259.0,3754,2371,0.6315929675013319,375400,425659.0
0.5499999999999999,0.49999999999999994,0.5999999999999999,0.13387494858083093,32545.0,2431,1672,0.6877828054298643,243100,275645.0
0.5499999999999999,0.44999999999999996,0.5999999999999999,0.13387494858083093,32545.0,2431,1672,0.6877828054298643,243100,275645.0
0.49999999999999994,0.6499999999999999,0.44999999999999996,0.13337063682387423,50054.0,3753,2370,0.6314948041566747,375300,425354.0
0.49999999999999994,0.7,0.44999999999999996,0.13337063682387423,50054.0,3753,2370,0.6314948041566747,375300,425354.0
0.5499999999999999,0.35,0.44999999999999996,0.13282898389783454,47845.0,3602,2203,0.6116046640755136,360200,408045.0
0.7,0.5499999999999999,0.5999999999999999,0.1327891156462585,13664.0,1029,778,0.7560738581146744,102900,116564.0
0.7,0.5999999999999999,0.5999999999999999,0.1327891156462585,13664.0,1029,778,0.7560738581146744,102900,116564.0
0.7,0.39999999999999997,0.6499999999999999,0.13185614849187935,11366.0,862,671,0.7784222737819025,86200,97566.0
0.5499999999999999,0.5499999999999999,0.5999999999999999,0.13113448844884487,31787.0,2424,1668,0.6881188118811881,242400,274187.0
0.5499999999999999,0.5999999999999999,0.5999999999999999,0.13113448844884487,31787.0,2424,1668,0.6881188118811881,242400,274187.0
0.7,0.6499999999999999,0.5999999999999999,0.13092412451361868,13459.0,1028,777,0.7558365758754864,102800,116259.0
0.7,0.7,0.5999999999999999,0.13092412451361868,13459.0,1028,777,0.7558365758754864,102800,116259.0
0.7,0.44999999999999996,0.6499999999999999,0.1308108108108108,11132.0,851,667,0.7837837837837838,85100,96232.0
0.7,0.49999999999999994,0.6499999999999999,0.1308108108108108,11132.0,851,667,0.7837837837837838,85100,96232.0
0.5499999999999999,0.39999999999999997,0.6499999999999999,0.13065573770491803,29489.0,2257,1561,0.69162605228179,225700,255189.0
0.5499999999999999,0.6499999999999999,0.5999999999999999,0.13034255055716054,31582.0,2423,1667,0.6879900949236484,242300,273882.0
0.5499999999999999,0.7,0.5999999999999999,0.13034255055716054,31582.0,2423,1667,0.6879900949236484,242300,273882.0
0.5499999999999999,0.49999999999999994,0.6499999999999999,0.13025378450578806,29255.0,2246,1557,0.6932324131789849,224600,253855.0
0.5499999999999999,0.44999999999999996,0.6499999999999999,0.13025378450578806,29255.0,2246,1557,0.6932324131789849,224600,253855.0
0.44999999999999996,0.39999999999999997,0.35,0.12976691419141914,62911.0,4848,2847,0.5872524752475248,484800,547711.0
0.6499999999999999,0.5999999999999999,0.6499999999999999,0.12970791698693312,16875.0,1301,995,0.7647963105303612,130100,146975.0
0.6499999999999999,0.5499999999999999,0.6499999999999999,0.12970791698693312,16875.0,1301,995,0.7647963105303612,130100,146975.0
0.44999999999999996,0.49999999999999994,0.35,0.12957825098201364,62677.0,4837,2843,0.5877610088898078,483700,546377.0
0.44999999999999996,0.44999999999999996,0.35,0.12957825098201364,62677.0,4837,2843,0.5877610088898078,483700,546377.0
0.5999999999999999,0.35,0.49999999999999994,0.12880027036160865,38112.0,2959,1841,0.6221696519094289,295900,334012.0
0.5999999999999999,0.35,0.5499999999999999,0.12866788321167882,35255.0,2740,1734,0.6328467153284671,274000,309255.0
0.44999999999999996,0.39999999999999997,0.39999999999999997,0.12849519743863394,60200.0,4685,2776,0.592529348986126,468500,528700.0
0.44999999999999996,0.44999999999999996,0.39999999999999997,0.12829696191698758,59966.0,4674,2772,0.5930680359435173,467400,527366.0
0.44999999999999996,0.49999999999999994,0.39999999999999997,0.12829696191698758,59966.0,4674,2772,0.5930680359435173,467400,527366.0
0.6499999999999999,0.7,0.6499999999999999,0.12823076923076923,16670.0,1300,994,0.7646153846153846,130000,146670.0
0.6499999999999999,0.6499999999999999,0.6499999999999999,0.12823076923076923,16670.0,1300,994,0.7646153846153846,130000,146670.0
0.44999999999999996,0.5499999999999999,0.35,0.12819668737060042,61919.0,4830,2839,0.5877846790890269,483000,544919.0
0.44999999999999996,0.5999999999999999,0.35,0.12819668737060042,61919.0,4830,2839,0.5877846790890269,483000,544919.0
0.44999999999999996,0.7,0.35,0.12779871609028784,61714.0,4829,2838,0.5876993166287016,482900,544614.0
0.44999999999999996,0.6499999999999999,0.35,0.12779871609028784,61714.0,4829,2838,0.5876993166287016,482900,544614.0
0.5499999999999999,0.5999999999999999,0.6499999999999999,0.1272755694506476,28497.0,2239,1553,0.6936132201875838,223900,252397.0
0.5499999999999999,0.5499999999999999,0.6499999999999999,0.1272755694506476,28497.0,2239,1553,0.6936132201875838,223900,252397.0
0.44999999999999996,0.5499999999999999,0.39999999999999997,0.12686522391257768,59208.0,4667,2768,0.5931004928219413,466700,525908.0
0.44999999999999996,0.5999999999999999,0.39999999999999997,0.12686522391257768,59208.0,4667,2768,0.5931004928219413,466700,525908.0
0.44999999999999996,0.6499999999999999,0.39999999999999997,0.12645306472353193,59003.0,4666,2767,0.593013287612516,466600,525603.0
0.44999999999999996,0.7,0.39999999999999997,0.12645306472353193,59003.0,4666,2767,0.593013287612516,466600,525603.0
0.5499999999999999,0.7,0.6499999999999999,0.12641644325290438,28292.0,2238,1552,0.6934763181411975,223800,252092.0
0.5499999999999999,0.6499999999999999,0.6499999999999999,0.12641644325290438,28292.0,2238,1552,0.6934763181411975,223800,252092.0
0.49999999999999994,0.35,0.49999999999999994,0.12516330092246322,50203.0,4011,2431,0.606083271004737,401100,451303.0
0.39999999999999997,0.39999999999999997,0.35,0.12500884607823864,63592.0,5087,2949,0.579712993906035,508700,572292.0
0.49999999999999994,0.35,0.5499999999999999,0.12485759493670887,47346.0,3792,2324,0.6128691983122363,379200,426546.0
0.39999999999999997,0.49999999999999994,0.35,0.1248187549251379,63358.0,5076,2945,0.5801812450748621,507600,570958.0
0.39999999999999997,0.44999999999999996,0.35,0.1248187549251379,63358.0,5076,2945,0.5801812450748621,507600,570958.0
0.5999999999999999,0.35,0.44999999999999996,0.12441214470284238,38518.0,3096,1902,0.6143410852713178,309600,348118.0
0.39999999999999997,0.5499999999999999,0.35,0.12349575853225488,62600.0,5069,2941,0.5801933320181495,506900,569500.0
0.39999999999999997,0.5999999999999999,0.35,0.12349575853225488,62600.0,5069,2941,0.5801933320181495,506900,569500.0
0.39999999999999997,0.7,0.35,0.1231156274664562,62395.0,5068,2940,0.580110497237569,506800,569195.0
0.39999999999999997,0.6499999999999999,0.35,0.1231156274664562,62395.0,5068,2940,0.580110497237569,506800,569195.0
0.39999999999999997,0.39999999999999997,0.39999999999999997,0.12296799027552674,60697.0,4936,2884,0.5842787682333873,493600,554297.0
0.7,0.5999999999999999,0.6499999999999999,0.12291469194312796,10374.0,844,663,0.7855450236966824,84400,94774.0
0.7,0.5499999999999999,0.6499999999999999,0.12291469194312796,10374.0,844,663,0.7855450236966824,84400,94774.0
0.39999999999999997,0.49999999999999994,0.39999999999999997,0.12276751269035532,60463.0,4925,2880,0.584771573604061,492500,552963.0
0.39999999999999997,0.44999999999999996,0.39999999999999997,0.12276751269035532,60463.0,4925,2880,0.584771573604061,492500,552963.0
0.49999999999999994,0.35,0.44999999999999996,0.12200819672131148,50609.0,4148,2492,0.600771456123433,414800,465409.0
0.39999999999999997,0.5499999999999999,0.39999999999999997,0.1214009760065067,59705.0,4918,2876,0.5847905652704352,491800,551505.0
0.39999999999999997,0.5999999999999999,0.39999999999999997,0.1214009760065067,59705.0,4918,2876,0.5847905652704352,491800,551505.0
0.5999999999999999,0.39999999999999997,0.5999999999999999,0.12113636363636364,23452.0,1936,1375,0.7102272727272727,193600,217052.0
0.5499999999999999,0.39999999999999997,0.7,0.12107176581680831,25643.0,2118,1459,0.6888574126534467,211800,237443.0
0.39999999999999997,0.6499999999999999,0.39999999999999997,0.121008745169819,59500.0,4917,2875,0.5847061216188733,491700,551200.0
0.39999999999999997,0.7,0.39999999999999997,0.121008745169819,59500.0,4917,2875,0.5847061216188733,491700,551200.0
0.35,0.39999999999999997,0.35,0.12073364928909952,63687.0,5275,3027,0.5738388625592417,527500,591187.0
0.7,0.6499999999999999,0.6499999999999999,0.12062870699881376,10169.0,843,662,0.7852906287069988,84300,94469.0
0.7,0.7,0.6499999999999999,0.12062870699881376,10169.0,843,662,0.7852906287069988,84300,94469.0
0.5999999999999999,0.44999999999999996,0.5999999999999999,0.12061298701298702,23218.0,1925,1371,0.7122077922077922,192500,215718.0
0.5999999999999999,0.49999999999999994,0.5999999999999999,0.12061298701298702,23218.0,1925,1371,0.7122077922077922,192500,215718.0
0.5499999999999999,0.49999999999999994,0.7,0.12059326056003797,25409.0,2107,1455,0.6905552918841955,210700,236109.0
0.5499999999999999,0.44999999999999996,0.7,0.12059326056003797,25409.0,2107,1455,0.6905552918841955,210700,236109.0
0.35,0.49999999999999994,0.35,0.12054141337386018,63453.0,5264,3023,0.5742781155015197,526400,589853.0
0.35,0.44999999999999996,0.35,0.12054141337386018,63453.0,5264,3023,0.5742781155015197,526400,589853.0
0.44999999999999996,0.35,0.35,0.12023021861094989,62147.0,5169,2943,0.5693557748113756,516900,579047.0
0.35,0.5499999999999999,0.35,0.11926003424006087,62695.0,5257,3019,0.5742819098345063,525700,588395.0
0.35,0.5999999999999999,0.35,0.11926003424006087,62695.0,5257,3019,0.5742819098345063,525700,588395.0
0.35,0.39999999999999997,0.39999999999999997,0.11914967967384973,61374.0,5151,2973,0.5771694816540478,515100,576474.0
0.35,0.44999999999999996,0.39999999999999997,0.11894941634241245,61140.0,5140,2969,0.5776264591439688,514000,575140.0
0.35,0.49999999999999994,0.39999999999999997,0.11894941634241245,61140.0,5140,2969,0.5776264591439688,514000,575140.0
0.35,0.6499999999999999,0.35,0.11889269406392694,62490.0,5256,3018,0.5742009132420092,525600,588090.0
0.35,0.7,0.35,0.11889269406392694,62490.0,5256,3018,0.5742009132420092,525600,588090.0
0.6499999999999999,0.39999999999999997,0.7,0.11882203389830509,14021.0,1180,901,0.7635593220338983,118000,132021.0
0.6499999999999999,0.49999999999999994,0.7,0.11793840889649274,13787.0,1169,897,0.76732249786142,116900,130687.0
0.6499999999999999,0.44999999999999996,0.7,0.11793840889649274,13787.0,1169,897,0.76732249786142,116900,130687.0
0.35,0.35,0.35,0.11784409477301501,65156.0,5529,3109,0.5623078314342558,552900,618056.0
0.49999999999999994,0.39999999999999997,0.5999999999999999,0.11771947194719472,35669.0,3030,1978,0.6528052805280528,303000,338669.0
0.35,0.5999999999999999,0.39999999999999997,0.11763491135788039,60382.0,5133,2965,0.5776349113578804,513300,573682.0
0.35,0.5499999999999999,0.39999999999999997,0.11763491135788039,60382.0,5133,2965,0.5776349113578804,513300,573682.0
0.44999999999999996,0.35,0.39999999999999997,0.11745877210411286,59117.0,5033,2879,0.5720246373932049,503300,562417.0
0.5499999999999999,0.5999999999999999,0.7,0.11738571428571429,24651.0,2100,1451,0.690952380952381,210000,234651.0
0.5499999999999999,0.5499999999999999,0.7,0.11738571428571429,24651.0,2100,1451,0.690952380952381,210000,234651.0
0.49999999999999994,0.44999999999999996,0.5999999999999999,0.11737330241801922,35435.0,3019,1974,0.6538588936734018,301900,337335.0
0.49999999999999994,0.49999999999999994,0.5999999999999999,0.11737330241801922,35435.0,3019,1974,0.6538588936734018,301900,337335.0
0.35,0.6499999999999999,0.39999999999999997,0.11725837879968823,60177.0,5132,2964,0.5775526110678099,513200,573377.0
0.35,0.7,0.39999999999999997,0.11725837879968823,60177.0,5132,2964,0.5775526110678099,513200,573377.0
0.5999999999999999,0.5999999999999999,0.5999999999999999,0.11710114702815433,22460.0,1918,1367,0.7127215849843587,191800,214260.0
0.5999999999999999,0.5499999999999999,0.5999999999999999,0.11710114702815433,22460.0,1918,1367,0.7127215849843587,191800,214260.0
0.44999999999999996,0.39999999999999997,0.49999999999999994,0.11673404773502193,47931.0,4106,2518,0.6132489040428641,410600,458531.0
0.44999999999999996,0.44999999999999996,0.49999999999999994,0.11647619047619047,47697.0,4095,2514,0.613919413919414,409500,457197.0
0.44999999999999996,0.49999999999999994,0.49999999999999994,0.11647619047619047,47697.0,4095,2514,0.613919413919414,409500,457197.0
0.5499999999999999,0.7,0.7,0.11646498332539304,24446.0,2099,1450,0.6908051453072892,209900,234346.0
0.5499999999999999,0.6499999999999999,0.7,0.11646498332539304,24446.0,2099,1450,0.6908051453072892,209900,234346.0
0.5999999999999999,0.7,0.5999999999999999,0.11609285341679708,22255.0,1917,1366,0.7125717266562337,191700,213955.0
0.5999999999999999,0.6499999999999999,0.5999999999999999,0.11609285341679708,22255.0,1917,1366,0.7125717266562337,191700,213955.0
0.39999999999999997,0.35,0.35,0.11601553829078802,62718.0,5406,3044,0.5630780614132446,540600,603318.0
0.44999999999999996,0.39999999999999997,0.5499999999999999,0.11596089529199897,45074.0,3887,2411,0.620272703884744,388700,433774.0
0.44999999999999996,0.44999999999999996,0.5499999999999999,0.11568627450980393,44840.0,3876,2407,0.6210010319917441,387600,432440.0
0.44999999999999996,0.49999999999999994,0.5499999999999999,0.11568627450980393,44840.0,3876,2407,0.6210010319917441,387600,432440.0
0.5999999999999999,0.39999999999999997,0.6499999999999999,0.11514563106796116,20162.0,1751,1260,0.7195888063963449,175100,195262.0
0.49999999999999994,0.5499999999999999,0.5999999999999999,0.11512948207171314,34677.0,3012,1970,0.6540504648074369,301200,335877.0
0.49999999999999994,0.5999999999999999,0.5999999999999999,0.11512948207171314,34677.0,3012,1970,0.6540504648074369,301200,335877.0
0.35,0.35,0.39999999999999997,0.11510309278350515,62524.0,5432,3062,0.5636966126656848,543200,605724.0
0.44999999999999996,0.5499999999999999,0.49999999999999994,0.11482142857142857,46939.0,4088,2510,0.6139921722113503,408800,455739.0
0.44999999999999996,0.5999999999999999,0.49999999999999994,0.11482142857142857,46939.0,4088,2510,0.6139921722113503,408800,455739.0
0.5999999999999999,0.49999999999999994,0.6499999999999999,0.11452873563218391,19928.0,1740,1256,0.7218390804597701,174000,193928.0
0.5999999999999999,0.44999999999999996,0.6499999999999999,0.11452873563218391,19928.0,1740,1256,0.7218390804597701,174000,193928.0
0.49999999999999994,0.7,0.5999999999999999,0.11448688143473928,34472.0,3011,1969,0.6539355695782132,301100,335572.0
0.49999999999999994,0.6499999999999999,0.5999999999999999,0.11448688143473928,34472.0,3011,1969,0.6539355695782132,301100,335572.0
0.44999999999999996,0.7,0.49999999999999994,0.11434793246880352,46734.0,4087,2509,0.6138977244922926,408700,455434.0
0.44999999999999996,0.6499999999999999,0.49999999999999994,0.11434793246880352,46734.0,4087,2509,0.6138977244922926,408700,455434.0
0.44999999999999996,0.5499999999999999,0.5499999999999999,0.11393641767898682,44082.0,3869,2403,0.6210907211165676,386900,430982.0
0.44999999999999996,0.5999999999999999,0.5499999999999999,0.11393641767898682,44082.0,3869,2403,0.6210907211165676,386900,430982.0
0.49999999999999994,0.39999999999999997,0.6499999999999999,0.11381019332161688,32379.0,2845,1863,0.6548330404217926,284500,316879.0
0.44999999999999996,0.6499999999999999,0.5499999999999999,0.1134358841778697,43877.0,3868,2402,0.6209927611168563,386800,430677.0
0.44999999999999996,0.7,0.5499999999999999,0.1134358841778697,43877.0,3868,2402,0.6209927611168563,386800,430677.0
0.49999999999999994,0.44999999999999996,0.6499999999999999,0.11342625264643613,32145.0,2834,1859,0.6559633027522935,283400,315545.0
0.49999999999999994,0.49999999999999994,0.6499999999999999,0.11342625264643613,32145.0,2834,1859,0.6559633027522935,283400,315545.0
0.44999999999999996,0.39999999999999997,0.44999999999999996,0.11339693757361602,48137.0,4245,2579,0.6075382803297997,424500,472637.0
0.44999999999999996,0.44999999999999996,0.44999999999999996,0.11313887576759565,47903.0,4234,2575,0.608171941426547,423400,471303.0
0.44999999999999996,0.49999999999999994,0.44999999999999996,0.11313887576759565,47903.0,4234,2575,0.608171941426547,423400,471303.0
0.39999999999999997,0.35,0.39999999999999997,0.11265429761453995,59504.0,5282,2986,0.5653161681181371,528200,587704.0
0.6499999999999999,0.5999999999999999,0.7,0.11212564543889846,13029.0,1162,893,0.7685025817555938,116200,129229.0
0.6499999999999999,0.5499999999999999,0.7,0.11212564543889846,13029.0,1162,893,0.7685025817555938,116200,129229.0
0.5499999999999999,0.35,0.5999999999999999,0.11203004891684137,32063.0,2862,1802,0.6296296296296297,286200,318263.0
0.44999999999999996,0.5499999999999999,0.44999999999999996,0.11153300212916963,47145.0,4227,2571,0.6082327892122072,422700,469845.0
0.44999999999999996,0.5999999999999999,0.44999999999999996,0.11153300212916963,47145.0,4227,2571,0.6082327892122072,422700,469845.0
0.39999999999999997,0.39999999999999997,0.49999999999999994,0.11114987376635299,48428.0,4357,2626,0.602708285517558,435700,484128.0
0.44999999999999996,0.6499999999999999,0.44999999999999996,0.11107430194036914,46940.0,4226,2570,0.608140085186938,422600,469540.0
0.44999999999999996,0.7,0.44999999999999996,0.11107430194036914,46940.0,4226,2570,0.608140085186938,422600,469540.0
0.49999999999999994,0.5999999999999999,0.6499999999999999,0.11102582242660064,31387.0,2827,1855,0.6561726211531659,282700,314087.0
0.49999999999999994,0.5499999999999999,0.6499999999999999,0.11102582242660064,31387.0,2827,1855,0.6561726211531659,282700,314087.0
0.39999999999999997,0.44999999999999996,0.49999999999999994,0.11089277496548551,48194.0,4346,2622,0.6033133916244823,434600,482794.0
0.39999999999999997,0.49999999999999994,0.49999999999999994,0.11089277496548551,48194.0,4346,2622,0.6033133916244823,434600,482794.0
0.5999999999999999,0.5999999999999999,0.6499999999999999,0.11061742642815926,19170.0,1733,1252,0.7224466243508367,173300,192470.0
0.5999999999999999,0.5499999999999999,0.6499999999999999,0.11061742642815926,19170.0,1733,1252,0.7224466243508367,173300,192470.0
0.6499999999999999,0.6499999999999999,0.7,0.11045650301464255,12824.0,1161,892,0.768303186907838,116100,128924.0
0.6499999999999999,0.7,0.7,0.11045650301464255,12824.0,1161,892,0.768303186907838,116100,128924.0
0.49999999999999994,0.6499999999999999,0.6499999999999999,0.11033970276008492,31182.0,2826,1854,0.6560509554140127,282600,313782.0
0.49999999999999994,0.7,0.6499999999999999,0.11033970276008492,31182.0,2826,1854,0.6560509554140127,282600,313782.0
0.39999999999999997,0.39999999999999997,0.5499999999999999,0.11012808119864669,45571.0,4138,2519,0.6087481875302079,413800,459371.0
0.39999999999999997,0.44999999999999996,0.5499999999999999,0.10985461594378483,45337.0,4127,2515,0.6094015023019143,412700,458037.0
0.39999999999999997,0.49999999999999994,0.5499999999999999,0.10985461594378483,45337.0,4127,2515,0.6094015023019143,412700,458037.0
0.5999999999999999,0.7,0.6499999999999999,0.10949769053117783,18965.0,1732,1251,0.7222863741339491,173200,192165.0
0.5999999999999999,0.6499999999999999,0.6499999999999999,0.10949769053117783,18965.0,1732,1251,0.7222863741339491,173200,192165.0
0.39999999999999997,0.5999999999999999,0.49999999999999994,0.10932472920027655,47436.0,4339,2618,0.6033648306061304,433900,481336.0
0.39999999999999997,0.5499999999999999,0.49999999999999994,0.10932472920027655,47436.0,4339,2618,0.6033648306061304,433900,481336.0
0.39999999999999997,0.7,0.49999999999999994,0.10887736284001844,47231.0,4338,2617,0.603273397879207,433800,481031.0
0.39999999999999997,0.6499999999999999,0.49999999999999994,0.10887736284001844,47231.0,4338,2617,0.603273397879207,433800,481031.0
0.39999999999999997,0.5999999999999999,0.5499999999999999,0.10820145631067961,44579.0,4120,2511,0.6094660194174757,412000,456579.0
0.39999999999999997,0.5499999999999999,0.5499999999999999,0.10820145631067961,44579.0,4120,2511,0.6094660194174757,412000,456579.0
0.39999999999999997,0.39999999999999997,0.44999999999999996,0.10817170818505338,48634.0,4496,2687,0.5976423487544484,449600,498234.0
0.39999999999999997,0.44999999999999996,0.44999999999999996,0.10791527313266444,48400.0,4485,2683,0.598216276477146,448500,496900.0
0.39999999999999997,0.49999999999999994,0.44999999999999996,0.10791527313266444,48400.0,4485,2683,0.598216276477146,448500,496900.0
0.39999999999999997,0.7,0.5499999999999999,0.10773003156105851,44374.0,4119,2510,0.6093712066035446,411900,456274.0
0.39999999999999997,0.6499999999999999,0.5499999999999999,0.10773003156105851,44374.0,4119,2510,0.6093712066035446,411900,456274.0
0.5499999999999999,0.35,0.6499999999999999,0.10748225625700411,28773.0,2677,1687,0.6301830407172208,267700,296473.0
0.35,0.39999999999999997,0.49999999999999994,0.10702308362369338,49145.0,4592,2724,0.5932055749128919,459200,508345.0
0.35,0.49999999999999994,0.49999999999999994,0.1067692643527614,48911.0,4581,2720,0.5937568216546606,458100,507011.0
0.35,0.44999999999999996,0.49999999999999994,0.1067692643527614,48911.0,4581,2720,0.5937568216546606,458100,507011.0
0.39999999999999997,0.5999999999999999,0.44999999999999996,0.10639124609200536,47642.0,4478,2679,0.5982581509602501,447800,495442.0
0.39999999999999997,0.5499999999999999,0.44999999999999996,0.10639124609200536,47642.0,4478,2679,0.5982581509602501,447800,495442.0
0.6499999999999999,0.35,0.5999999999999999,0.10624220374220374,20441.0,1924,1244,0.6465696465696466,192400,212841.0
0.39999999999999997,0.6499999999999999,0.44999999999999996,0.10595711413893232,47437.0,4477,2678,0.5981684163502345,447700,495137.0
0.39999999999999997,0.7,0.44999999999999996,0.10595711413893232,47437.0,4477,2678,0.5981684163502345,447700,495137.0
0.35,0.39999999999999997,0.5499999999999999,0.10584953121426938,46288.0,4373,2617,0.5984450034301395,437300,483588.0
0.35,0.44999999999999996,0.5499999999999999,0.10558000917010546,46054.0,4362,2613,0.5990371389270976,436200,482254.0
0.35,0.49999999999999994,0.5499999999999999,0.10558000917010546,46054.0,4362,2613,0.5990371389270976,436200,482254.0
0.49999999999999994,0.39999999999999997,0.7,0.10544345898004434,28533.0,2706,1761,0.6507760532150776,270600,299133.0
0.35,0.5499999999999999,0.49999999999999994,0.10527547004809794,48153.0,4574,2716,0.5937909925666812,457400,505553.0
0.35,0.5999999999999999,0.49999999999999994,0.10527547004809794,48153.0,4574,2716,0.5937909925666812,457400,505553.0
0.49999999999999994,0.44999999999999996,0.7,0.10500556586270872,28299.0,2695,1757,0.6519480519480519,269500,297799.0
0.49999999999999994,0.49999999999999994,0.7,0.10500556586270872,28299.0,2695,1757,0.6519480519480519,269500,297799.0
0.44999999999999996,0.35,0.49999999999999994,0.1049798927613941,46989.0,4476,2628,0.5871313672922251,447600,494589.0
0.35,0.6499999999999999,0.49999999999999994,0.104850207741089,47948.0,4573,2715,0.5937021648808222,457300,505248.0
0.35,0.7,0.49999999999999994,0.104850207741089,47948.0,4573,2715,0.5937021648808222,457300,505248.0
0.35,0.39999999999999997,0.44999999999999996,0.1043140984992602,49351.0,4731,2785,0.5886704713591207,473100,522451.0
0.35,0.44999999999999996,0.44999999999999996,0.1040614406779661,49117.0,4720,2781,0.5891949152542373,472000,521117.0
0.35,0.49999999999999994,0.44999999999999996,0.1040614406779661,49117.0,4720,2781,0.5891949152542373,472000,521117.0
0.7,0.39999999999999997,0.7,0.10401106500691563,7520.0,723,569,0.7869986168741355,72300,79820.0
0.35,0.5499999999999999,0.5499999999999999,0.10400918484500574,45296.0,4355,2609,0.5990815154994259,435500,480796.0
0.35,0.5999999999999999,0.5499999999999999,0.10400918484500574,45296.0,4355,2609,0.5990815154994259,435500,480796.0
0.44999999999999996,0.35,0.5499999999999999,0.10366925064599483,44132.0,4257,2521,0.5922010805731736,425700,469832.0
0.35,0.7,0.5499999999999999,0.103562241616904,45091.0,4354,2608,0.5989894350022967,435400,480491.0
0.35,0.6499999999999999,0.5499999999999999,0.103562241616904,45091.0,4354,2608,0.5989894350022967,435400,480491.0
0.35,0.35,0.49999999999999994,0.10303575076608784,50436.0,4895,2820,0.5760980592441267,489500,539936.0
0.44999999999999996,0.35,0.44999999999999996,0.102742250162584,47395.0,4613,2689,0.582917840884457,461300,508695.0
0.35,0.5999999999999999,0.44999999999999996,0.10260768088266498,48359.0,4713,2777,0.589221302779546,471300,519659.0
0.35,0.5499999999999999,0.44999999999999996,0.10260768088266498,48359.0,4713,2777,0.589221302779546,471300,519659.0
0.49999999999999994,0.5499999999999999,0.7,0.10245907738095238,27541.0,2688,1753,0.6521577380952381,268800,296341.0
0.49999999999999994,0.5999999999999999,0.7,0.10245907738095238,27541.0,2688,1753,0.6521577380952381,268800,296341.0
0.7,0.49999999999999994,0.7,0.1023314606741573,7286.0,712,565,0.7935393258426966,71200,78486.0
0.7,0.44999999999999996,0.7,0.1023314606741573,7286.0,712,565,0.7935393258426966,71200,78486.0
0.35,0.7,0.44999999999999996,0.10219439728353141,48154.0,4712,2776,0.5891341256366723,471200,519354.0
0.35,0.6499999999999999,0.44999999999999996,0.10219439728353141,48154.0,4712,2776,0.5891341256366723,471200,519354.0
0.49999999999999994,0.35,0.5999999999999999,0.1021919014084507,34827.0,3408,2091,0.613556338028169,340800,375627.0
0.35,0.35,0.5499999999999999,0.10175149700598803,47579.0,4676,2713,0.580196749358426,467600,515179.0
0.49999999999999994,0.6499999999999999,0.7,0.10173427614439896,27336.0,2687,1752,0.6520282843319687,268700,296036.0
0.49999999999999994,0.7,0.7,0.10173427614439896,27336.0,2687,1752,0.6520282843319687,268700,296036.0
0.5999999999999999,0.39999999999999997,0.7,0.10121588089330025,16316.0,1612,1158,0.7183622828784119,161200,177516.0
0.35,0.35,0.44999999999999996,0.10103736089030206,50842.0,5032,2881,0.5725357710651828,503200,554042.0
0.5999999999999999,0.44999999999999996,0.7,0.10044971892567145,16082.0,1601,1154,0.7207995003123048,160100,176182.0
0.5999999999999999,0.49999999999999994,0.7,0.10044971892567145,16082.0,1601,1154,0.7207995003123048,160100,176182.0
0.39999999999999997,0.35,0.49999999999999994,0.10026666666666667,47376.0,4725,2735,0.5788359788359788,472500,519876.0
0.39999999999999997,0.35,0.5499999999999999,0.09879937860630271,44519.0,4506,2628,0.5832223701731025,450600,495119.0
0.6499999999999999,0.35,0.6499999999999999,0.09862564692351926,17151.0,1739,1129,0.6492236917768832,173900,191051.0
0.39999999999999997,0.35,0.44999999999999996,0.09827642945290004,47782.0,4862,2796,0.5750719868366927,486200,533982.0
0.5499999999999999,0.35,0.7,0.09821513002364066,24927.0,2538,1585,0.6245074862096138,253800,278727.0
0.49999999999999994,0.35,0.6499999999999999,0.09784982935153584,31537.0,3223,1976,0.6130933912503879,322300,353837.0
0.5999999999999999,0.35,0.5999999999999999,0.0965025466893039,22736.0,2356,1501,0.6370967741935484,235600,258336.0
0.5999999999999999,0.5999999999999999,0.7,0.09613550815558344,15324.0,1594,1150,0.7214554579673776,159400,174724.0
0.5999999999999999,0.5499999999999999,0.7,0.09613550815558344,15324.0,1594,1150,0.7214554579673776,159400,174724.0
0.7,0.35,0.5999999999999999,0.09502385821404226,13940.0,1467,912,0.621676891615542,146700,160640.0
0.5999999999999999,0.7,0.7,0.09490897677338356,15119.0,1593,1149,0.7212806026365348,159300,174419.0
0.5999999999999999,0.6499999999999999,0.7,0.09490897677338356,15119.0,1593,1149,0.7212806026365348,159300,174419.0
0.44999999999999996,0.39999999999999997,0.5999999999999999,0.09293462746217528,32555.0,3503,2178,0.6217527833285755,350300,382855.0
0.7,0.5999999999999999,0.7,0.09259574468085106,6528.0,705,561,0.7957446808510639,70500,77028.0
0.7,0.5499999999999999,0.7,0.09259574468085106,6528.0,705,561,0.7957446808510639,70500,77028.0
0.44999999999999996,0.44999999999999996,0.5999999999999999,0.09255727376861397,32321.0,3492,2174,0.6225658648339061,349200,381521.0
0.44999999999999996,0.49999999999999994,0.5999999999999999,0.09255727376861397,32321.0,3492,2174,0.6225658648339061,349200,381521.0
0.44999999999999996,0.5499999999999999,0.5999999999999999,0.09056814921090388,31563.0,3485,2170,0.6226685796269728,348500,380063.0
0.44999999999999996,0.5999999999999999,0.5999999999999999,0.09056814921090388,31563.0,3485,2170,0.6226685796269728,348500,380063.0
0.44999999999999996,0.6499999999999999,0.5999999999999999,0.09000574052812858,31358.0,3484,2169,0.6225602755453502,348400,379758.0
0.44999999999999996,0.7,0.5999999999999999,0.09000574052812858,31358.0,3484,2169,0.6225602755453502,348400,379758.0
0.7,0.6499999999999999,0.7,0.08981534090909091,6323.0,704,560,0.7954545454545454,70400,76723.0
0.7,0.7,0.7,0.08981534090909091,6323.0,704,560,0.7954545454545454,70400,76723.0
0.49999999999999994,0.35,0.7,0.08978923476005188,27691.0,3084,1874,0.6076523994811932,308400,336091.0
0.5999999999999999,0.35,0.6499999999999999,0.0895716259788116,19446.0,2171,1386,0.63841547673883,217100,236546.0
0.44999999999999996,0.39999999999999997,0.6499999999999999,0.08820072332730561,29265.0,3318,2063,0.6217600964436407,331800,361065.0
0.39999999999999997,0.39999999999999997,0.5999999999999999,0.08804475226425147,33052.0,3754,2286,0.608950452850293,375400,408452.0
0.44999999999999996,0.49999999999999994,0.6499999999999999,0.08778651345630481,29031.0,3307,2059,0.6226186876322951,330700,359731.0
0.44999999999999996,0.44999999999999996,0.6499999999999999,0.08778651345630481,29031.0,3307,2059,0.6226186876322951,330700,359731.0
0.39999999999999997,0.49999999999999994,0.5999999999999999,0.08767833288805771,32818.0,3743,2282,0.6096713865882981,374300,407118.0
0.39999999999999997,0.44999999999999996,0.5999999999999999,0.08767833288805771,32818.0,3743,2282,0.6096713865882981,374300,407118.0
0.39999999999999997,0.5499999999999999,0.5999999999999999,0.085813704496788,32060.0,3736,2278,0.6097430406852249,373600,405660.0
0.39999999999999997,0.5999999999999999,0.5999999999999999,0.085813704496788,32060.0,3736,2278,0.6097430406852249,373600,405660.0
0.44999999999999996,0.5499999999999999,0.6499999999999999,0.08567575757575757,28273.0,3300,2055,0.6227272727272727,330000,358273.0
0.44999999999999996,0.5999999999999999,0.6499999999999999,0.08567575757575757,28273.0,3300,2055,0.6227272727272727,330000,358273.0
0.39999999999999997,0.7,0.5999999999999999,0.08528781793842034,31855.0,3735,2277,0.6096385542168675,373500,405355.0
0.39999999999999997,0.6499999999999999,0.5999999999999999,0.08528781793842034,31855.0,3735,2277,0.6096385542168675,373500,405355.0
0.44999999999999996,0.7,0.6499999999999999,0.08508032737193089,28068.0,3299,2054,0.6226129130039406,329900,357968.0
0.44999999999999996,0.6499999999999999,0.6499999999999999,0.08508032737193089,28068.0,3299,2054,0.6226129130039406,329900,357968.0
0.35,0.39999999999999997,0.5999999999999999,0.08465530208072199,33769.0,3989,2384,0.5976435196791176,398900,432669.0
0.35,0.44999999999999996,0.5999999999999999,0.0843011563599799,33535.0,3978,2380,0.5982905982905983,397800,431335.0
0.35,0.49999999999999994,0.5999999999999999,0.0843011563599799,33535.0,3978,2380,0.5982905982905983,397800,431335.0
0.39999999999999997,0.39999999999999997,0.6499999999999999,0.08339030540767722,29762.0,3569,2171,0.608293639674979,356900,386662.0
0.6499999999999999,0.35,0.7,0.08315625,13305.0,1600,1027,0.641875,160000,173305.0
0.7,0.35,0.6499999999999999,0.08307332293291732,10650.0,1282,797,0.6216848673946958,128200,138850.0
0.39999999999999997,0.44999999999999996,0.6499999999999999,0.08299044406970207,29528.0,3558,2167,0.6090500281056773,355800,385328.0
0.39999999999999997,0.49999999999999994,0.6499999999999999,0.08299044406970207,29528.0,3558,2167,0.6090500281056773,355800,385328.0
0.35,0.5999999999999999,0.5999999999999999,0.08254092168219591,32777.0,3971,2376,0.5983379501385041,397100,429877.0
0.35,0.5499999999999999,0.5999999999999999,0.08254092168219591,32777.0,3971,2376,0.5983379501385041,397100,429877.0
0.35,0.6499999999999999,0.5999999999999999,0.08204534005037784,32572.0,3970,2375,0.5982367758186398,397000,429572.0
0.35,0.7,0.5999999999999999,0.08204534005037784,32572.0,3970,2375,0.5982367758186398,397000,429572.0
0.35,0.35,0.5999999999999999,0.08168685927306617,35060.0,4292,2480,0.5778191985088537,429200,464260.0
0.44999999999999996,0.35,0.5999999999999999,0.08162406403304931,31613.0,3873,2288,0.5907565194939324,387300,418913.0
0.39999999999999997,0.5499999999999999,0.6499999999999999,0.081019431146156,28770.0,3551,2163,0.6091241903689102,355100,383870.0
0.39999999999999997,0.5999999999999999,0.6499999999999999,0.081019431146156,28770.0,3551,2163,0.6091241903689102,355100,383870.0
0.39999999999999997,0.7,0.6499999999999999,0.08046478873239436,28565.0,3550,2162,0.6090140845070423,355000,383565.0
0.39999999999999997,0.6499999999999999,0.6499999999999999,0.08046478873239436,28565.0,3550,2162,0.6090140845070423,355000,383565.0
0.35,0.39999999999999997,0.6499999999999999,0.08012355415352261,30479.0,3804,2269,0.5964773922187171,380400,410879.0
0.44999999999999996,0.39999999999999997,0.7,0.07995910663730733,25419.0,3179,1961,0.6168606480025165,317900,343319.0
0.35,0.49999999999999994,0.6499999999999999,0.07973899288162405,30245.0,3793,2265,0.5971526496177169,379300,409545.0
0.35,0.44999999999999996,0.6499999999999999,0.07973899288162405,30245.0,3793,2265,0.5971526496177169,379300,409545.0
0.44999999999999996,0.44999999999999996,0.7,0.07949810606060606,25185.0,3168,1957,0.617739898989899,316800,341985.0
0.44999999999999996,0.49999999999999994,0.7,0.07949810606060606,25185.0,3168,1957,0.617739898989899,316800,341985.0
0.35,0.5999999999999999,0.6499999999999999,0.07788431061806655,29487.0,3786,2261,0.5972002113048072,378600,408087.0
0.35,0.5499999999999999,0.6499999999999999,0.07788431061806655,29487.0,3786,2261,0.5972002113048072,378600,408087.0
0.39999999999999997,0.35,0.5999999999999999,0.07763221737020863,32000.0,4122,2395,0.5810286268801552,412200,444200.0
0.35,0.7,0.6499999999999999,0.07736327608982826,29282.0,3785,2260,0.5970937912813739,378500,407782.0
0.35,0.6499999999999999,0.6499999999999999,0.07736327608982826,29282.0,3785,2260,0.5970937912813739,378500,407782.0
0.35,0.35,0.6499999999999999,0.07735573411249087,31770.0,4107,2365,0.575846116386657,410700,442470.0
0.44999999999999996,0.5999999999999999,0.7,0.07727617842454919,24427.0,3161,1953,0.6178424549193293,316100,340527.0
0.44999999999999996,0.5499999999999999,0.7,0.07727617842454919,24427.0,3161,1953,0.6178424549193293,316100,340527.0
0.44999999999999996,0.35,0.6499999999999999,0.07679772234273319,28323.0,3688,2173,0.5892082429501084,368800,397123.0
0.5999999999999999,0.35,0.7,0.07677165354330709,15600.0,2032,1284,0.6318897637795275,203200,218800.0
0.44999999999999996,0.7,0.7,0.07665189873417722,24222.0,3160,1952,0.6177215189873417,316000,340222.0
0.44999999999999996,0.6499999999999999,0.7,0.07665189873417722,24222.0,3160,1952,0.6177215189873417,316000,340222.0
0.39999999999999997,0.39999999999999997,0.7,0.07555685131195335,25916.0,3430,2069,0.6032069970845481,343000,368916.0
0.39999999999999997,0.49999999999999994,0.7,0.07511553085697573,25682.0,3419,2065,0.6039777712781516,341900,367582.0
0.39999999999999997,0.44999999999999996,0.7,0.07511553085697573,25682.0,3419,2065,0.6039777712781516,341900,367582.0
0.39999999999999997,0.5499999999999999,0.7,0.07304806565064478,24924.0,3412,2061,0.6040445486518171,341200,366124.0
0.39999999999999997,0.5999999999999999,0.7,0.07304806565064478,24924.0,3412,2061,0.6040445486518171,341200,366124.0
0.39999999999999997,0.35,0.6499999999999999,0.0729235458470917,28710.0,3937,2280,0.5791211582423165,393700,422410.0
0.35,0.39999999999999997,0.7,0.07266848567530695,26633.0,3665,2167,0.591268758526603,366500,393133.0
0.39999999999999997,0.7,0.7,0.07246848431545001,24719.0,3411,2060,0.6039284667253005,341100,365819.0
0.39999999999999997,0.6499999999999999,0.7,0.07246848431545001,24719.0,3411,2060,0.6039284667253005,341100,365819.0
0.35,0.49999999999999994,0.7,0.07224685276409415,26399.0,3654,2163,0.5919540229885057,365400,391799.0
0.35,0.44999999999999996,0.7,0.07224685276409415,26399.0,3654,2163,0.5919540229885057,365400,391799.0
0.35,0.35,0.7,0.07037298387096774,27924.0,3968,2263,0.5703125,396800,424724.0
0.35,0.5999999999999999,0.7,0.07030710172744721,25641.0,3647,2159,0.5919934192486975,364700,390341.0
0.35,0.5499999999999999,0.7,0.07030710172744721,25641.0,3647,2159,0.5919934192486975,364700,390341.0
0.35,0.6499999999999999,0.7,0.0697641250685683,25436.0,3646,2158,0.591881513987932,364600,390036.0
0.35,0.7,0.7,0.0697641250685683,25436.0,3646,2158,0.591881513987932,364600,390036.0
0.44999999999999996,0.35,0.7,0.0689687235841082,24477.0,3549,2071,0.5835446604677373,354900,379377.0
0.39999999999999997,0.35,0.7,0.06546603475513428,24864.0,3798,2178,0.5734597156398105,379800,404664.0
0.7,0.35,0.7,0.05952755905511811,6804.0,1143,695,0.6080489938757655,114300,121104.0
