date,matches,correct,accuracy
2025-11-23,25,7,28.0
2025-11-24,11,4,36.4
2025-11-27,25,19,76.0
2025-11-30,25,6,24.0
2025-12-01,12,1,8.3
2025-12-07,23,10,43.5
2025-12-08,23,3,13.0
2025-12-14,25,12,48.0
2025-12-15,10,7,70.0
2025-12-21,25,9,36.0
2025-12-22,6,4,66.7
2025-12-26,18,5,27.8
2025-12-28,10,2,20.0
2025-12-29,14,7,50.0
2026-01-01,16,7,43.8
2026-01-04,25,11,44.0
2026-01-05,1,1,100.0
2026-01-11,24,8,33.3
2026-01-12,5,3,60.0
2026-01-14,14,9,64.3
2026-01-15,5,0,0.0
2026-01-17,25,14,56.0
2026-01-18,25,6,24.0
